{"cameraMode":{"drawMode":0,"name":"Shaded","section":"Shading Mode"},"sceneLighting":true,"audioPlay":false,"sceneViewState":{"showFog":true,"showMaterialUpdate":false,"showSkybox":true,"showFlares":true,"showImageEffects":true,"showParticleSystems":true},"in2DMode":false,"pivot":{"x":-3.7954065799713136,"y":10.81114673614502,"z":6.522571563720703},"rotation":{"x":0.1502235233783722,"y":0.22802771627902986,"z":-0.03563375025987625,"w":0.9613358378410339},"size":0.529634952545166,"orthographic":false}