{"cameraMode":{"drawMode":0,"name":"Shaded","section":"Shading Mode"},"sceneLighting":true,"audioPlay":false,"sceneViewState":{"showFog":true,"showMaterialUpdate":false,"showSkybox":true,"showFlares":true,"showImageEffects":true,"showParticleSystems":true},"in2DMode":false,"pivot":{"x":-5.7974324226379398,"y":1.0290764570236207,"z":-12.435173034667969},"rotation":{"x":-0.0026592924259603025,"y":-0.9955407977104187,"z":-0.029566410928964616,"w":0.0895392894744873},"size":7.3935651779174809,"orthographic":false}