{"cameraMode":{"drawMode":0,"name":"Shaded","section":"Shading Mode"},"sceneLighting":true,"audioPlay":false,"sceneViewState":{"showFog":true,"showMaterialUpdate":false,"showSkybox":true,"showFlares":true,"showImageEffects":true,"showParticleSystems":true},"in2DMode":false,"pivot":{"x":-0.57404625415802,"y":0.08055806159973145,"z":6.531292915344238},"rotation":{"x":0.3218519985675812,"y":0.07885212451219559,"z":-0.02690950594842434,"w":0.9431169629096985},"size":5.978724002838135,"orthographic":false}