{"cameraMode":{"drawMode":0,"name":"Shaded","section":"Shading Mode"},"sceneLighting":true,"audioPlay":false,"sceneViewState":{"showFog":true,"showMaterialUpdate":false,"showSkybox":true,"showFlares":true,"showImageEffects":true,"showParticleSystems":true},"in2DMode":false,"pivot":{"x":-2.3749399185180666,"y":-0.1364433765411377,"z":2.840683937072754},"rotation":{"x":0.022297900170087816,"y":-0.9776244759559631,"z":0.15409673750400544,"w":0.14144769310951234},"size":5.978724002838135,"orthographic":false}