{"cameraMode":{"drawMode":0,"name":"Shaded","section":"Shading Mode"},"sceneLighting":true,"audioPlay":false,"sceneViewState":{"showFog":true,"showMaterialUpdate":false,"showSkybox":true,"showFlares":true,"showImageEffects":true,"showParticleSystems":true},"in2DMode":false,"pivot":{"x":-11.729299545288086,"y":3.0004329681396486,"z":-1.0452301502227784},"rotation":{"x":0.04350784420967102,"y":-0.5696926116943359,"z":0.03021991439163685,"w":0.8201488852500916},"size":0.2227821946144104,"orthographic":false}