{"cameraMode":{"drawMode":0,"name":"Shaded","section":"Shading Mode"},"sceneLighting":true,"audioPlay":false,"sceneViewState":{"showFog":true,"showMaterialUpdate":false,"showSkybox":true,"showFlares":true,"showImageEffects":true,"showParticleSystems":true},"in2DMode":false,"pivot":{"x":-1.1309019327163697,"y":1.0931382179260255,"z":-5.447572708129883},"rotation":{"x":0.17797747254371644,"y":-0.5018984079360962,"z":0.10637485235929489,"w":0.8397061228752136},"size":3.264794111251831,"orthographic":false}