{"cameraMode":{"drawMode":0,"name":"Shaded","section":"Shading Mode"},"sceneLighting":true,"audioPlay":false,"sceneViewState":{"showFog":true,"showMaterialUpdate":false,"showSkybox":true,"showFlares":true,"showImageEffects":true,"showParticleSystems":true},"in2DMode":false,"pivot":{"x":-4.696712493896484,"y":-11.431010246276856,"z":20.361438751220704},"rotation":{"x":-0.3057100176811218,"y":0.04301326721906662,"z":-0.013825598172843457,"w":-0.9510520696640015},"size":22.0,"orthographic":false}