{"cameraMode":{"drawMode":0,"name":"Shaded","section":"Shading Mode"},"sceneLighting":true,"audioPlay":false,"sceneViewState":{"showFog":true,"showMaterialUpdate":false,"showSkybox":true,"showFlares":true,"showImageEffects":true,"showParticleSystems":true},"in2DMode":false,"pivot":{"x":2.1510934829711916,"y":5.200718402862549,"z":-8.546770095825196},"rotation":{"x":0.009466931223869324,"y":0.9720809459686279,"z":-0.03983984887599945,"w":0.23104502260684968},"size":13.863177299499512,"orthographic":false}