{"cameraMode":{"drawMode":0,"name":"Shaded","section":"Shading Mode"},"sceneLighting":true,"audioPlay":false,"sceneViewState":{"showFog":true,"showMaterialUpdate":false,"showSkybox":true,"showFlares":true,"showImageEffects":true,"showParticleSystems":true},"in2DMode":false,"pivot":{"x":-1.3946805000305176,"y":0.25674664974212649,"z":18.079565048217775},"rotation":{"x":0.021436329931020738,"y":0.08128724247217179,"z":-0.001750292954966426,"w":0.9964586496353149},"size":22.0,"orthographic":false}